{"agent1": {"agent1": -5.1846329106419216, "agent2": -5.62354956717419, "agent3": -5.2225556691051285, "agent4": -5.166567330166083, "agent5": -5.25829722306661, "agent6": -5.757762478639939}, "agent2": {"agent1": -5.885643053726789, "agent2": -6.179855386653501, "agent3": -5.86731749832925, "agent4": -5.804923430740138, "agent5": -5.853660303553274, "agent6": -6.508150489169156}, "agent3": {"agent1": -6.255898055498087, "agent2": -6.742533679266474, "agent3": -6.156599395463808, "agent4": -6.048542454065069, "agent5": -6.263447769226033, "agent6": -6.882218080116405}, "agent4": {"agent1": -6.017505812542491, "agent2": -6.448562981239984, "agent3": -5.915303041247994, "agent4": -5.7794410988922005, "agent5": -5.977564667664874, "agent6": -6.6374340257389095}, "agent5": {"agent1": -6.159067098542283, "agent2": -6.494007925340168, "agent3": -6.1072642141177065, "agent4": -5.913341127266603, "agent5": -6.029164112751562, "agent6": -6.8360290185763475}, "agent6": {"agent1": -5.2285894770922186, "agent2": -5.696580891309595, "agent3": -5.356559548131749, "agent4": -5.38245074324647, "agent5": -5.301833825980478, "agent6": -5.773313210227706}}