{"agent1": {"agent1": -5.138095146364383, "agent2": -5.813462413797579, "agent3": -5.5139069930994316, "agent4": -5.242887443842899, "agent5": -5.262727180628899, "agent6": -5.259470889693037}, "agent2": {"agent1": -5.556249243923691, "agent2": -6.2370309925990375, "agent3": -5.903111312374927, "agent4": -5.574893334057376, "agent5": -5.696870794320699, "agent6": -5.753876542085718}, "agent3": {"agent1": -6.063471250548706, "agent2": -6.791139873067716, "agent3": -6.217073349547999, "agent4": -5.913867752765193, "agent5": -6.070265757824097, "agent6": -6.1755909217854175}, "agent4": {"agent1": -5.988253958523812, "agent2": -6.6321977815229625, "agent3": -6.092697027857826, "agent4": -5.827037804608226, "agent5": -5.953658594738919, "agent6": -6.107012519845343}, "agent5": {"agent1": -6.11364779100902, "agent2": -6.851536607355164, "agent3": -6.335541652550203, "agent4": -6.051303876055948, "agent5": -6.1394586216954705, "agent6": -6.098553434790596}, "agent6": {"agent1": -5.718298372109699, "agent2": -6.392935730789238, "agent3": -5.984565270696622, "agent4": -5.69358762165528, "agent5": -5.794458376239357, "agent6": -5.819848220029073}}